Workbook

Sheet Data
A4: PairID | B4: ItemID | C4: RItemID | D4: Speaker Awareness | E4: Story | F4: Option 1 | G4: Option 2 | H4: GPT Run 1 Response (Reasoning: OFF) | I4: GPT Run 2 Response (Reasoning: OFF) | J4: GPT Run 3 Response (Reasoning: OFF) | K4: GPT Run 1 Response (Reasoning: ON) | L4: GPT Run 2 Response (Reasoning: ON) | M4: GPT Run 3 Response (Reasoning: ON)
A5: 1 | B5: 1 | C5: 1.1 | D5: Aware | E5: You and your friend Jonathan are taking a road trip. You began in California, and are now passing through Michigan. It’s almost winter, so it’s very cold outside—especially for Southern California dwellers like you and Jonathan. You see that you’re almost out of gas, so you stop at a gas station in a small town. You fill up the tank, and then the two of you go inside the gas station to buy some water and snacks. When you return to the car and start up the engine, you and Jonathan notice with some dismay a blinking light, which indicates that the car’s heating system is broken. You both bundle up. As you leave the station, Jonathan shivers in his seat. (He turns to you and says, “Man, it’s really cold in here.”) | F5: Could you turn on the heater? | G5: I’m really cold; it’s too bad the heater is broken. | H5: 1 | I5: 1 | J5: 1 | K5: 2 | L5: 2 | M5: 2
A6: 1 | B6: 2 | C6: 1.2 | D6: Unaware | E6: You and your friend Jonathan are taking a road trip. You began in California, and are now passing through Michigan. It’s almost winter, so it’s very cold outside—especially for Southern California dwellers like you and Jonathan. You see that you’re almost out of gas, so you stop at a gas station in a small town. While you fill up the tank, Jonathan goes inside to buy some water and snacks. As you’re checking the meter, you notice with some dismay a blinking light, which indicates that the car’s heating system is broken. You finish filling up the gas and wait for Jonathan. Jonathan returns with some snacks, and you both set off. As you leave the station, he shivers in his seat. (He turns to you and says, “Man, it’s really cold in here.”) | F6: Could you turn on the heater? | G6: I’m really cold; it’s too bad the heater is broken. | H6: 1 | I6: 1 | J6: 1 | K6: 1 | L6: 1 | M6: 1
A7: 2 | B7: 3 | C7: 2.1 | D7: Aware | E7: You’ve been renting a house with your two roommates, Lisa and Brian, for three months now. Things are going well, though both you and Lisa are not very responsible about cleaning; consequently, the house has a tendency to get dirty quickly—unwashed dishes in the sink, cluttered counters, the whole shebang. Even worse, you and Lisa are directly responsible for the latest mess, which is the product of a recent dinner party. Brian’s something of a neat freak, so he’s pretty anxious about the mess. This morning, during a house meeting with you and Brian, Lisa volunteered to take the lead on cleaning the kitchen when she gets home from work this evening. In the afternoon, while Lisa is still at work, you and Brian are standing in the kitchen doorway, gazing in. (Brian turns to you and says, “You guys really did a number on the kitchen.”) | F7: Could you clean up the kitchen when you get a chance? | G7: This kitchen is really dirty; good thing Lisa will take care of it soon. | H7: 2 | I7: 2 | J7: 2 | K7: 2 | L7: 2 | M7: 2
A8: 2 | B8: 4 | C8: 2.2 | D8: Unaware | E8: You’ve been renting a house with your two roommates, Lisa and Brian, for three months now. Things are going well, though both you and Lisa are not very responsible about cleaning; consequently, the house has a tendency to get dirty quickly—unwashed dishes in the sink, cluttered counters, the whole shebang. Even worse, you and Lisa are directly responsible for the latest mess, which is the product of a recent dinner party. Brian’s something of a neat freak, so he’s pretty anxious about the mess. This morning, while Brian was still sleeping, Lisa volunteered to take the lead on cleaning the kitchen when she gets home from work this evening. In the afternoon, while Lisa is still at work, you and Brian are standing in the kitchen doorway, gazing in. (Brian turns to you and says, “You guys really did a number on the kitchen.”) | F8: Could you clean up the kitchen when you get a chance? | G8: This kitchen is really dirty; good thing Lisa will take care of it soon. | H8: 1 | I8: 1 | J8: 2 | K8: 1 | L8: 2 | M8: 1
A9: 3 | B9: 5 | C9: 3.1 | D9: Aware | E9: You accompany your teenage daughter, Sarah, to the doctor so that she can be tested for allergies. She’s quite reluctant to go, but you promise her that after the appointment, you can go out to her favorite hamburger joint. The appointment goes well, and is very informative; as it turns out, Sarah does have several major food allergies. The doctor gives you a pamphlet containing more detailed information. Then, as promised, you take Sarah to a nearby diner to buy some hamburgers. You order a hamburger and some fries for yourself, a cheeseburger for Sarah, then sit down. When Sarah sits down, you flip through the pamphlet together; you’re both surprised to learn that she’s allergic to members of the “nightshade” family, which includes eggplant and potatoes. About five minutes later, your food is served. (Sarah eyes your plate of fries and says, “Man, those fries look delicious...”) | F9: Could I have one of your fries? | G9: I wish I could have a fry; too bad I’m allergic. | H9: 2 | I9: 2 | J9: 2 | K9: 2 | L9: 2 | M9: 2
A10: 3 | B10: 6 | C10: 3.2 | D10: Unaware | E10: You accompany your teenage daughter, Sarah, to the doctor so that she can be tested for allergies. She’s quite reluctant to go, but you promise her that after the appointment, you can go out to her favorite hamburger joint. The appointment goes well, and is very informative; as it turns out, Sarah does have several major food allergies. The doctor gives you a pamphlet containing more detailed information. Then, as promised, you take Sarah to a nearby diner to buy some hamburgers. You order a hamburger and some fries for yourself, a cheeseburger for Sarah, then sit down. While Sarah is washing her hands in the restroom, you flip through the pamphlet; you’re surprised to learn that she’s allergic to members of the “nightshade” family, which includes eggplant and potatoes. About five minutes later, your food is served. (Sarah eyes your plate of fries and says, “Man, those fries look delicious...”) | F10: Could I have one of your fries? | G10: I wish I could have a fry; too bad I’m allergic. | H10: 2 | I10: 2 | J10: 2 | K10: 2 | L10: 2 | M10: 2
A11: 4 | B11: 7 | C11: 4.1 | D11: Aware | E11: After a long week, you decide to treat yourself to a dinner for one at the fanciest restaurant in town. Just for the occasion, you break out your black and white tuxedo. Your spirits are high, but when you arrive at the restaurant, you’re somewhat embarrassed to realize that you’re wearing the exact same outfit as the restaurant’s waitstaff. While you’re waiting in line, you encounter another guest, who initially mistakes you for a waiter. You laugh about the misunderstanding, and then an actual waiter shows you to your table. Later, as you walk to the kitchen to pay your compliments to the chef, you pass by the same guest’s table. He is staring down at his meal with irritation. As you pass, he looks up at you, recognizes you from the line, and (He says, “This steak is so overdone!”) | F11: Waiter, could you get me another steak? | G11: Too bad you don’t work here, since I really need another steak. | H11: 1 | I11: 1 | J11: 1 | K11: 2 | L11: 2 | M11: 2
A12: 4 | B12: 8 | C12: 4.2 | D12: Unaware | E12: After a long week, you decide to treat yourself to a dinner for one at the fanciest restaurant in town. Just for the occasion, you break out your black and white tuxedo. Your spirits are high, but when you arrive at the restaurant, you’re somewhat embarrassed to realize that you’re wearing the exact same outfit as the restaurant’s waitstaff. While you’re waiting in line, you encounter another guest, who initially mistakes you for a waiter. You laugh about the misunderstanding, and then an actual waiter shows you to your table. Later, as you walk to the kitchen to pay your compliments to the chef, you pass by another guest’s table. He is staring down at his meal with irritation. As you pass, he looks up at you, catches your eye, and (He says, “This steak is so overdone!”) | F12: Waiter, could you get me another steak? | G12: Too bad you don’t work here, since I really need another steak. | H12: 1 | I12: 1 | J12: 1 | K12: 1 | L12: 1 | M12: 1
A13: 5 | B13: 9 | C13: 5.1 | D13: Aware | E13: After your first year of college, you move back home for the summer. Your parents are glad to have you home, but your dad insists that you do some weekly chores to “earn your keep”. You’d prefer to just relax, but it does keep you occupied, which isn’t all bad. Besides, the house is in need of some repairs; your parents are both busy people, so some chores have fallen by the wayside while you’ve been away. Most notably, the lawn has gotten overgrown, and the paint on the backyard fence is beginning to peel. During the first couple of weeks, you mow the lawn, rake the driveway, and water the garden, but you keep putting off painting the fence. One day, your mom decides to take matter into her own hands. With your dad’s encouragement, she calls a painting company to come and paint the fence; they schedule a time two days from now. Later in the day, you’re reading in the living room. Your dad walks in and peers out the window with a slightly displeased expression on his face. (He turns to you, his hands on his hips, and says, “Man, that fence is looking worse than ever; a new paint-job couldn’t come soon enough.”) | F13: When you get a chance, could you paint the fence? | G13: I’m glad someone is coming soon to paint the fence. | H13: 2 | I13: 2 | J13: 2 | K13: 2 | L13: 2 | M13: 2
A14: 5 | B14: 10 | C14: 5.2 | D14: Unaware | E14: After your first year of college, you move back home for the summer. Your parents are glad to have you home, but your dad insists that you do some weekly chores to “earn your keep”. You’d prefer to just relax, but it does keep you occupied, which isn’t all bad. Besides, the house is in need of some repairs; your parents are both busy people, so some chores have fallen by the wayside while you’ve been away. Most notably, the lawn has gotten overgrown, and the paint on the backyard fence is beginning to peel. During the first couple of weeks, you mow the lawn, rake the driveway, and water the garden, but you keep putting off painting the fence. One day, your mom decides to take matter into her own hands. While your dad’s away at work, she calls a painting company to come and paint the fence; they schedule a time two days from now. Later in the day, you’re reading in the living room when your dad returns from work. He walks in and peers out the window with a slightly displeased expression on his face. (He turns to you, his hands on his hips, and says, “Man, that fence is looking worse than ever; a new paint-job couldn’t come soon enough.”) | F14: When you get a chance, could you paint the fence? | G14: I’m glad someone is coming soon to paint the fence. | H14: 2 | I14: 2 | J14: 2 | K14: 1 | L14: 2 | M14: 2
A15: 6 | B15: 11 | C15: 6.1 | D15: Aware | E15: You and your friend are exhausted and sweaty from playing tennis. After playing, you invite him back to your apartment to hang out. When you return to your apartment, you both see a notice taped to your apartment door: unfortunately, the water in your apartment building will be shut off for the next 24 hours. (Back in the kitchen, your friend turns to you and says: “I’m so thirsty…”) | F15: Could you get me a glass of water? | G15: I am really thirsty, too bad your water is not working. | H15: 2 | I15: 2 | J15: 1 | K15: 2 | L15: 2 | M15: 2
A16: 6 | B16: 12 | C16: 6.2 | D16: Unaware | E16: You and your friend are exhausted and sweaty from playing tennis. After playing, you invite him back to your apartment to hang out. When you return to your apartment, you go to your room, and privately check your email. You see that your landlord has sent you a message: unfortunately, the water in your apartment building will be shut off for the next 24 hours. (You return to the kitchen, your friend turns to you and says: “I’m so thirsty…”) | F16: Could you get me a glass of water? | G16: I am really thirsty, too bad your water is not working. | H16: 1 | I16: 1 | J16: 1 | K16: 1 | L16: 1 | M16: 1
... A20: 8 | B20: 16 | C20: 8.2 | D20: Unaware | E20: You and your friend Rob get along well; your only complaint is that since he doesn’t have a car, you almost always have to pick him up and give him rides. Whenever you’re both going somewhere, it’s generally expected that you’ll drive him - but he treats you to coffee sometimes, so it all evens out. One day, after classes get out, you walk together to get some coffee at a nearby coffeeshop. Before you sit down, Rob steps outside to take a phone call. While he’s outside, you’re surprised to see your mechanic at the coffee shop. He walks up and informs you that your car, which you recently took in for a tune-up, will be under repair for at least another week. You rely on that car, so this is very frustrating. Anyway, Rob finishes his phone call and returns to the table, and you both get to talking. Rob realizes you’ve both been invited to the same party later on in the week. (Rob says, “So… how are you planning on getting there?”) | F20: Could I get a ride to the party? | G20: Since your car is in the shop, how are you planning on getting to the party? | H20: 2 | I20: 2 | J20: 1 | K20: 1 | L20: 1 | M20: 1

Sheet Analysis
A4: Condition | B4: Speaker Awareness | C4: Request | D4: Non Request | E4: Total | F4: Request Rate | K4: Aware request rate | L4: Unaware request rate | M4: Speaker-Awareness effect (pp difference)
A5: Reasoning: OFF | B5: Aware | C5: =COUNTIFS(Data!D:D,"Aware",Data!H:H,1)+COUNTIFS(Data!D:D,"Aware",Data!I:I,1)+COUNTIFS(Data!D:D,"Aware",Data!J:J,1) -> 11 | D5: =COUNTIFS(Data!D:D,"Aware",Data!H:H,2)+COUNTIFS(Data!D:D,"Aware",Data!I:I,2)+COUNTIFS(Data!D:D,"Aware",Data!J:J,2) -> 13 | E5: =SUM(C5:D5) -> 24 | F5: =(C5/E5) -> 0.45833333 | J5: Reasoning: OFF | K5: =F5 -> 0.45833333 | L5: =F6 -> 0.5 | M5: =L5-K5 -> 0.041666667
A6: Reasoning: OFF | B6: Unaware | C6: =COUNTIFS(Data!D:D,"Unaware",Data!H:H,1)+COUNTIFS(Data!D:D,"Unaware",Data!I:I,1)+COUNTIFS(Data!D:D,"Unaware",Data!J:J,1) -> 12 | D6: =COUNTIFS(Data!D:D,"Unaware",Data!H:H,2)+COUNTIFS(Data!D:D,"Unaware",Data!I:I,2)+COUNTIFS(Data!D:D,"Unaware",Data!J:J,2) -> 12 | E6: =SUM(C6:D6) -> 24 | F6: =(C6/E6) -> 0.5 | J6: Reasoning: ON | K6: =F8 -> 0.083333333 | L6: =F9 -> 0.70833333 | M6: =L6-K6 -> 0.625
A8: Reasoning: ON | B8: Aware | C8: =COUNTIFS(Data!D:D,"Aware",Data!K:K,1)+COUNTIFS(Data!D:D,"Aware",Data!L:L,1)+COUNTIFS(Data!D:D,"Aware",Data!M:M,1) -> 2 | D8: =COUNTIFS(Data!D:D,"Aware",Data!K:K,2)+COUNTIFS(Data!D:D,"Aware",Data!L:L,2)+COUNTIFS(Data!D:D,"Aware",Data!M:M,2) -> 22 | E8: =SUM(C8:D8) -> 24 | F8: =(C8/E8) -> 0.083333333 | J8: Humans (Trott 2019) | K8: 0.3 | L8: 0.76 | M8: 0.46
A9: Reasoning: ON | B9: Unaware | C9: =COUNTIFS(Data!D:D,"Unaware",Data!K:K,1)+COUNTIFS(Data!D:D,"Unaware",Data!L:L,1)+COUNTIFS(Data!D:D,"Unaware",Data!M:M,1) -> 17 | D9: =COUNTIFS(Data!D:D,"Unaware",Data!K:K,2)+COUNTIFS(Data!D:D,"Unaware",Data!L:L,2)+COUNTIFS(Data!D:D,"Unaware",Data!M:M,2) -> 7 | E9: =SUM(C9:D9) -> 24 | F9: =(C9/E9) -> 0.70833333
J12: Fisher's exact test
J13: Reasoning: OFF | K13: p = 1.000
J14: Reasoning: ON | K14: p < 0.001
J16: Interaction test
J17: Reasoning x Speaker Awareness | K17: p = 0.003

Sheet Error Analysis
A4: Case | B4: Condition | C4: Model choice | D4: Reply | E4: Likely reason (based on its reply)
A5: Sarah / fries | B5: Reasoning ON, Unaware | C5: Non-request, instead of Request | D5: 2. I wish I could have a fry; too bad I’m allergic. Given the information that Sarah is allergic to potatoes, her comment is best understood as an expression of desire or regret—not a genuine request for a fry. It could function as an indirect request in another context, but here offering her one would be unsafe. | E5: The model's worst performing task (Wrong on all 6 runs). The model focused heavily on Sarah’s allergy and treated the comment as regret instead of an indirect request. It seemed to prioritize the obvious safety/health information over all else.
A6: Dad / fence | B6: Reasoning OFF, Unaware | C6: Non-request, instead of Request | D6: 2. I’m glad someone is coming soon to paint the fence. The dad’s comment, “a new paint-job couldn’t come soon enough,” expresses that he wants the fence painted as soon as possible. Given that the painting company has already been scheduled, he is implicitly pleased that the work will happen soon—not asking you to do it yourself. | E6: The model focused on the fact that the painting company was already coming (even if the Dad did not know about it), so it interpreted the sentence as a comment about the fence rather than a request to paint it.
A7: Rob / party | B7: Reasoning ON, Aware | C7: Request, instead of Non-request | D7: 1. Could I get a ride to the party? Given the context, Rob already relies on you for rides. His question is likely an indirect way of asking whether you’ll still be able to drive him, especially now that your car is being repaired. It also implicitly raises the issue of how both of you will get there. | E7: The model focused on the fact that Rob usually gets rides from the speaker. It used that background expectation more than the fact that the car was unavailable.
